order_id,customer_id,purchase_date,num_items,total_amount
ORD-00044,CUST-0106,2026-05-01,4,183.25
ORD-00433,CUST-0192,2026-05-03,12,330.77
ORD-00253,CUST-0169,2026-02-24,2,454.38
ORD-00729,CUST-0124,2026-03-04,3,491.8
ORD-00585,CUST-0166,2026-03-20,6,272.78
ORD-00049,CUST-0139,2026-03-18,18,1804.64
ORD-00597,CUST-0031,2026-04-10,12,52.53
ORD-00223,CUST-0166,2026-02-15,5,451.76
ORD-00074,CUST-0177,2026-03-20,18,651.41
ORD-00319,CUST-0198,2026-05-04,10,59.46
ORD-00191,CUST-0121,2026-02-12,9,245.94
ORD-00419,CUST-0123,2026-02-28,19,35.11
ORD-00004,CUST-0167,2026-03-10,20,898.48
ORD-00719,CUST-0085,2026-04-15,19,1492.87
ORD-00759,CUST-0069,2026-04-01,8,1450.96
ORD-00016,CUST-0197,2026-02-14,18,168.57
ORD-00266,CUST-0193,2026-02-17,4,437.19
ORD-00416,CUST-0095,2026-02-12,19,408.9
ORD-00070,CUST-0130,2026-03-31,7,427.07
ORD-00051,CUST-0016,2026-03-22,16,432.81
ORD-00613,CUST-0088,2026-03-01,5,247.33
ORD-00099,CUST-0159,2026-04-22,3,334.62
ORD-00233,CUST-0144,2026-04-30,8,312.96
ORD-00257,CUST-0141,2026-05-05,5,319.57
ORD-00292,CUST-0057,2026-05-03,13,374.7
ORD-00448,CUST-0184,2026-04-01,6,327.01
ORD-00501,CUST-0106,2026-03-14,11,191.27
ORD-00088,CUST-0099,2026-04-03,14,260.09
ORD-00224,CUST-0094,2026-05-08,10,26.32
ORD-00397,CUST-0116,2026-04-30,11,69.91
ORD-00499,CUST-0079,2026-04-07,13,327.22
ORD-00006,CUST-0040,2026-05-13,6,176.38
ORD-00757,CUST-0037,2026-02-25,16,1051.55
ORD-00608,CUST-0095,2026-05-02,13,146.05
ORD-00310,CUST-0017,2026-02-26,2,326.53
ORD-00139,CUST-0124,2026-04-09,20,273.17
ORD-00637,CUST-0108,2026-04-03,5,420.26
ORD-00771,CUST-0151,2026-02-26,15,435.67
ORD-00559,CUST-0093,2026-02-14,14,396.66
ORD-00699,CUST-0072,2026-02-26,8,2121.57
ORD-00480,CUST-0063,2026-03-17,20,436.51
ORD-00763,CUST-0114,2026-04-09,14,53.66
ORD-00331,CUST-0057,2026-03-17,17,1375.51
ORD-00045,CUST-0026,2026-03-15,2,491.26
ORD-00635,CUST-0153,2026-03-11,13,1499.67
ORD-00441,CUST-0147,2026-02-20,2,53.75
ORD-00409,CUST-0096,2026-02-24,4,694.27
ORD-00301,CUST-0015,2026-03-10,3,230.99
ORD-00716,CUST-0046,2026-03-26,10,154.02
ORD-00201,CUST-0113,2026-02-27,11,437.48
ORD-00146,CUST-0122,2026-03-22,16,127.52
ORD-00453,CUST-0085,2026-04-10,13,378.59
ORD-00426,CUST-0185,2026-03-06,11,340.5
ORD-00488,CUST-0138,2026-03-22,5,99.92
ORD-00535,CUST-0163,2026-05-04,3,195.82
ORD-00698,CUST-0082,2026-03-10,11,97.93
ORD-00087,CUST-0089,2026-02-28,9,1693.55
ORD-00680,CUST-0084,2026-04-05,20,2172.01
ORD-00090,CUST-0189,2026-03-08,18,469.79
ORD-00434,CUST-0144,2026-03-13,7,273.36
ORD-00226,CUST-0094,2026-04-21,7,1579.28
ORD-00218,CUST-0102,2026-02-13,10,2160.25
ORD-00735,CUST-0161,2026-05-13,14,2147.97
ORD-00291,CUST-0135,2026-03-19,4,297.96
ORD-00034,CUST-0141,2026-03-06,5,1451.09
ORD-00795,CUST-0149,2026-04-28,16,1769.16
ORD-00606,CUST-0069,2026-02-16,13,292.36
ORD-00491,CUST-0053,2026-03-03,17,986.47
ORD-00182,CUST-0083,2026-03-04,2,163.8
ORD-00696,CUST-0183,2026-04-12,18,493.82
ORD-00618,CUST-0167,2026-05-02,12,191.83
ORD-00126,CUST-0090,2026-05-03,16,1579.3
ORD-00551,CUST-0084,2026-04-06,16,392.39
ORD-00513,CUST-0106,2026-02-18,16,1564.89
ORD-00424,CUST-0170,2026-05-06,5,284.27
ORD-00168,CUST-0176,2026-02-12,10,232.02
ORD-00399,CUST-0041,2026-02-24,14,433.14
ORD-00415,CUST-0126,2026-02-27,11,259.25
ORD-00497,CUST-0181,2026-04-28,16,350.16
ORD-00018,CUST-0184,2026-04-09,3,471.08
ORD-00394,CUST-0088,2026-04-23,15,237.11
ORD-00036,CUST-0172,2026-03-05,7,205.11
ORD-00779,CUST-0134,2026-03-16,9,157.75
ORD-00702,CUST-0100,2026-05-06,8,490.52
ORD-00722,CUST-0185,2026-02-14,3,394.85
ORD-00276,CUST-0146,2026-04-23,12,168.62
ORD-00335,CUST-0074,2026-02-19,11,77.29
ORD-00586,CUST-0048,2026-04-21,18,151.24
ORD-00144,CUST-0071,2026-03-31,9,352.88
ORD-00160,CUST-0078,2026-05-07,5,1626.12
ORD-00195,CUST-0039,2026-04-05,19,332.71
ORD-00130,CUST-0156,2026-03-15,9,92.05
ORD-00743,CUST-0100,2026-03-22,19,39.82
ORD-00744,CUST-0122,2026-03-08,14,345.98
ORD-00732,CUST-0068,2026-03-22,18,366.96
ORD-00523,CUST-0178,2026-03-07,2,450.72
ORD-00260,CUST-0116,2026-02-19,18,115.15
ORD-00216,CUST-0124,2026-03-16,10,198.11
ORD-00766,CUST-0146,2026-03-10,13,2202.74
ORD-00574,CUST-0102,2026-02-22,6,331.42
ORD-00403,CUST-0127,2026-04-16,19,34.71
ORD-00058,CUST-0146,2026-05-05,8,470.44
ORD-00741,CUST-0039,2026-04-10,8,285.92
ORD-00601,CUST-0181,2026-04-08,20,168.27
ORD-00575,CUST-0110,2026-05-10,20,229.84
ORD-00221,CUST-0049,2026-04-14,20,117.09
ORD-00748,CUST-0033,2026-04-21,6,405.34
ORD-00607,CUST-0197,2026-02-22,14,46.93
ORD-00120,CUST-0186,2026-03-25,11,400.29
ORD-00407,CUST-0130,2026-04-19,12,45.96
ORD-00084,CUST-0072,2026-04-01,9,482.81
ORD-00123,CUST-0013,2026-02-20,14,1423.94
ORD-00183,CUST-0001,2026-04-29,13,413.39
ORD-00668,CUST-0108,2026-04-04,4,490.74
ORD-00245,CUST-0054,2026-03-02,7,2030.55
ORD-00063,CUST-0026,2026-05-12,15,285.3
ORD-00628,CUST-0026,2026-02-24,15,52.39
ORD-00651,CUST-0135,2026-04-28,1,219.94
ORD-00026,CUST-0138,2026-03-04,1,66.02
ORD-00289,CUST-0044,2026-04-06,4,482.47
ORD-00033,CUST-0195,2026-05-03,3,409.04
ORD-00009,CUST-0142,2026-03-06,4,195.1
ORD-00086,CUST-0046,2026-04-01,1,2440.83
ORD-00296,CUST-0020,2026-04-21,20,381.23
ORD-00697,CUST-0145,2026-03-29,16,247.01
ORD-00612,CUST-0141,2026-03-11,9,148.68
ORD-00552,CUST-0030,2026-03-26,9,202.15
ORD-00681,CUST-0102,2026-04-25,3,483.55
ORD-00208,CUST-0008,2026-05-01,4,349.37
ORD-00514,CUST-0074,2026-05-12,1,144.35
ORD-00598,CUST-0090,2026-04-13,7,297.49
ORD-00251,CUST-0115,2026-03-21,17,628.05
ORD-00673,CUST-0034,2026-02-27,19,1825.23
ORD-00295,CUST-0051,2026-02-20,5,81.61
ORD-00343,CUST-0135,2026-03-01,14,336.76
ORD-00042,CUST-0148,2026-03-05,5,441.49
ORD-00541,CUST-0144,2026-04-06,14,51.42
ORD-00249,CUST-0061,2026-05-10,5,2080.18
ORD-00542,CUST-0044,2026-04-12,19,345.12
ORD-00731,CUST-0049,2026-03-19,6,1162.86
ORD-00654,CUST-0147,2026-04-22,12,388.16
ORD-00238,CUST-0040,2026-02-13,18,372.97
ORD-00644,CUST-0167,2026-03-06,11,320.17
ORD-00462,CUST-0130,2026-03-02,4,1595.75
ORD-00439,CUST-0122,2026-04-23,14,440.64
ORD-00450,CUST-0104,2026-02-16,7,428.66
ORD-00240,CUST-0061,2026-05-09,12,227.46
ORD-00372,CUST-0023,2026-03-17,6,227.66
ORD-00187,CUST-0156,2026-03-18,16,2446.32
ORD-00011,CUST-0075,2026-02-12,3,956.57
ORD-00663,CUST-0160,2026-04-18,10,158.61
ORD-00158,CUST-0030,2026-04-20,2,431.38
ORD-00206,CUST-0162,2026-03-12,18,637.77
ORD-00629,CUST-0110,2026-04-26,4,197.79
ORD-00770,CUST-0126,2026-02-21,4,128.31
ORD-00323,CUST-0114,2026-05-08,14,361.88
ORD-00565,CUST-0177,2026-03-27,13,342.3
ORD-00539,CUST-0024,2026-03-22,4,1208.47
ORD-00254,CUST-0016,2026-03-08,10,481.41
ORD-00140,CUST-0083,2026-03-15,14,299.72
ORD-00563,CUST-0192,2026-04-30,1,944.78
ORD-00690,CUST-0128,2026-04-22,19,364.25
ORD-00057,CUST-0153,2026-05-06,17,872.46
ORD-00620,CUST-0001,2026-04-14,14,354.11
ORD-00687,CUST-0020,2026-02-20,3,136.56
ORD-00412,CUST-0039,2026-04-26,11,263.95
ORD-00008,CUST-0118,2026-03-30,20,31.25
ORD-00102,CUST-0117,2026-04-12,16,385.79
ORD-00492,CUST-0024,2026-04-01,3,424.25
ORD-00755,CUST-0138,2026-04-30,19,394.23
ORD-00073,CUST-0181,2026-04-27,9,226.06
ORD-00317,CUST-0055,2026-03-28,1,98.15
ORD-00156,CUST-0027,2026-04-06,5,378.12
ORD-00078,CUST-0061,2026-03-03,14,376.49
ORD-00636,CUST-0093,2026-05-04,17,15.9
ORD-00392,CUST-0063,2026-03-05,10,157.72
ORD-00527,CUST-0146,2026-03-24,3,285.78
ORD-00406,CUST-0144,2026-03-23,12,603.26
ORD-00203,CUST-0068,2026-03-22,5,2063.27
ORD-00225,CUST-0107,2026-04-27,3,169.77
ORD-00578,CUST-0068,2026-04-20,12,233.74
ORD-00150,CUST-0079,2026-03-04,11,231.88
ORD-00307,CUST-0182,2026-05-03,17,29.14
ORD-00159,CUST-0176,2026-05-05,13,292.16
ORD-00688,CUST-0033,2026-05-11,3,325.89
ORD-00265,CUST-0085,2026-03-03,2,284.62
ORD-00554,CUST-0182,2026-03-04,1,235.73
ORD-00242,CUST-0032,2026-03-29,2,102.82
ORD-00031,CUST-0029,2026-03-07,1,248.93
ORD-00794,CUST-0119,2026-03-21,11,296.34
ORD-00273,CUST-0037,2026-04-04,11,98.71
ORD-00387,CUST-0149,2026-05-02,17,299.39
ORD-00553,CUST-0175,2026-03-02,7,276.81
ORD-00496,CUST-0190,2026-04-05,1,102.92
ORD-00701,CUST-0137,2026-04-23,4,127.92
ORD-00236,CUST-0061,2026-05-09,10,66.78
ORD-00336,CUST-0158,2026-03-14,5,239.39
ORD-00328,CUST-0065,2026-04-23,7,77.68
ORD-00593,CUST-0199,2026-03-04,17,729.3
ORD-00503,CUST-0107,2026-04-10,18,293.2
ORD-00605,CUST-0195,2026-04-12,5,415.13
ORD-00371,CUST-0019,2026-04-07,16,76.37
ORD-00209,CUST-0096,2026-05-08,11,153.46
ORD-00483,CUST-0083,2026-03-01,11,387.77
ORD-00590,CUST-0195,2026-03-18,16,286.48
ORD-00438,CUST-0141,2026-03-14,4,77.22
ORD-00046,CUST-0028,2026-05-06,13,401.49
ORD-00657,CUST-0190,2026-04-21,2,456.92
ORD-00219,CUST-0191,2026-04-08,1,345.36
ORD-00727,CUST-0019,2026-04-06,1,475.36
ORD-00785,CUST-0036,2026-05-06,20,166.28
ORD-00085,CUST-0138,2026-03-30,17,489.78
ORD-00478,CUST-0197,2026-04-29,2,215.01
ORD-00118,CUST-0155,2026-03-21,18,277.06
ORD-00349,CUST-0179,2026-02-20,6,344.81
ORD-00040,CUST-0085,2026-05-06,8,563.79
ORD-00361,CUST-0015,2026-02-24,14,489.23
ORD-00405,CUST-0196,2026-03-19,5,365.75
ORD-00543,CUST-0017,2026-04-26,9,251.14
ORD-00653,CUST-0146,2026-03-11,15,37.11
ORD-00721,CUST-0064,2026-05-02,11,139.69
ORD-00315,CUST-0033,2026-04-04,18,397.12
ORD-00764,CUST-0096,2026-04-16,14,381.39
ORD-00190,CUST-0131,2026-04-28,5,360.42
ORD-00180,CUST-0085,2026-04-01,11,429.43
ORD-00287,CUST-0081,2026-03-19,1,48.07
ORD-00664,CUST-0198,2026-04-12,15,485.24
ORD-00425,CUST-0118,2026-03-13,17,477.82
ORD-00334,CUST-0183,2026-04-15,1,58.45
ORD-00617,CUST-0071,2026-02-19,10,466.1
ORD-00515,CUST-0046,2026-05-11,17,339.6
ORD-00498,CUST-0199,2026-04-17,13,279.97
ORD-00465,CUST-0034,2026-05-02,17,37.21
ORD-00622,CUST-0031,2026-02-15,15,1891.5
ORD-00358,CUST-0084,2026-04-20,18,60.17
ORD-00162,CUST-0116,2026-02-26,20,265.54
ORD-00751,CUST-0084,2026-05-05,3,204.31
ORD-00592,CUST-0127,2026-04-22,15,387.78
ORD-00363,CUST-0113,2026-04-23,1,1715.54
ORD-00689,CUST-0013,2026-05-02,11,2384.62
ORD-00002,CUST-0023,2026-04-26,4,446.28
ORD-00374,CUST-0183,2026-03-05,10,426.32
ORD-00739,CUST-0098,2026-05-02,18,191.43
ORD-00686,CUST-0162,2026-04-27,7,192.03
ORD-00043,CUST-0049,2026-03-14,8,404.87
ORD-00348,CUST-0087,2026-02-28,11,1205.25
ORD-00243,CUST-0153,2026-03-16,3,323.79
ORD-00022,CUST-0131,2026-03-23,12,497.8
ORD-00461,CUST-0020,2026-05-03,17,354.14
ORD-00443,CUST-0010,2026-04-21,14,95.96
ORD-00707,CUST-0123,2026-05-06,8,19.74
ORD-00167,CUST-0074,2026-02-14,20,25.96
ORD-00326,CUST-0113,2026-04-19,12,288.94
ORD-00076,CUST-0011,2026-04-25,14,1117.21
ORD-00571,CUST-0174,2026-04-29,1,326.86
ORD-00250,CUST-0033,2026-02-27,11,1031.47
ORD-00269,CUST-0030,2026-04-15,4,282.01
ORD-00192,CUST-0154,2026-04-12,15,197.57
ORD-00567,CUST-0187,2026-04-06,14,51.98
ORD-00145,CUST-0062,2026-03-03,1,103.43
ORD-00132,CUST-0102,2026-04-04,19,478.55
ORD-00198,CUST-0199,2026-02-13,8,124.21
ORD-00643,CUST-0040,2026-04-04,3,109.36
ORD-00753,CUST-0107,2026-02-23,19,215.18
ORD-00447,CUST-0029,2026-04-26,17,104.28
ORD-00305,CUST-0016,2026-04-02,20,83.77
ORD-00125,CUST-0065,2026-03-26,9,416.81
ORD-00124,CUST-0087,2026-04-10,13,232.35
ORD-00529,CUST-0014,2026-02-14,3,486.44
ORD-00178,CUST-0150,2026-03-08,15,98.75
ORD-00059,CUST-0108,2026-04-12,19,312.88
ORD-00765,CUST-0182,2026-05-06,17,42.09
ORD-00244,CUST-0033,2026-05-11,2,129.11
ORD-00469,CUST-0018,2026-05-05,18,467.01
ORD-00454,CUST-0168,2026-04-05,19,15.59
ORD-00402,CUST-0062,2026-05-11,3,257.16
ORD-00185,CUST-0195,2026-03-28,20,315.82
ORD-00286,CUST-0011,2026-02-17,12,2223.67
ORD-00602,CUST-0132,2026-04-06,10,475.72
ORD-00110,CUST-0164,2026-03-14,15,130.9
ORD-00655,CUST-0012,2026-02-16,4,258.82
ORD-00715,CUST-0045,2026-02-24,12,298.0
ORD-00792,CUST-0168,2026-03-03,6,449.9
ORD-00709,CUST-0083,2026-03-31,6,422.85
ORD-00674,CUST-0101,2026-04-13,10,164.04
ORD-00615,CUST-0117,2026-05-11,4,87.25
ORD-00487,CUST-0107,2026-02-20,13,165.86
ORD-00082,CUST-0090,2026-03-14,8,459.12
ORD-00446,CUST-0127,2026-04-07,15,275.67
ORD-00035,CUST-0055,2026-04-22,9,306.62
ORD-00267,CUST-0091,2026-03-20,2,303.6
ORD-00095,CUST-0141,2026-03-26,6,157.16
ORD-00113,CUST-0040,2026-05-03,5,197.3
ORD-00672,CUST-0020,2026-05-01,17,2140.11
ORD-00790,CUST-0047,2026-04-05,6,438.61
ORD-00038,CUST-0142,2026-04-12,8,543.05
ORD-00362,CUST-0174,2026-05-04,13,401.74
ORD-00282,CUST-0053,2026-04-15,13,36.79
ORD-00294,CUST-0187,2026-03-09,7,180.84
ORD-00252,CUST-0057,2026-03-28,17,231.03
ORD-00155,CUST-0142,2026-03-06,5,486.43
ORD-00027,CUST-0117,2026-04-09,11,1370.1
ORD-00661,CUST-0199,2026-03-23,3,433.49
ORD-00079,CUST-0189,2026-04-23,6,22.12
ORD-00526,CUST-0183,2026-05-11,7,377.85
ORD-00080,CUST-0064,2026-04-01,14,432.53
ORD-00239,CUST-0072,2026-03-21,4,311.05
ORD-00566,CUST-0027,2026-03-10,5,22.01
ORD-00470,CUST-0035,2026-03-14,2,98.01
ORD-00564,CUST-0115,2026-03-08,18,291.29
ORD-00798,CUST-0118,2026-04-26,7,492.74
ORD-00525,CUST-0081,2026-04-08,18,26.09
ORD-00750,CUST-0187,2026-02-22,5,136.11
ORD-00713,CUST-0164,2026-04-26,6,223.63
ORD-00560,CUST-0028,2026-02-13,18,457.14
ORD-00143,CUST-0067,2026-03-11,11,113.73
ORD-00220,CUST-0074,2026-05-07,20,417.26
ORD-00708,CUST-0034,2026-05-13,11,108.52
ORD-00194,CUST-0186,2026-03-31,17,11.25
ORD-00595,CUST-0189,2026-03-18,18,217.9
ORD-00264,CUST-0034,2026-03-19,4,192.22
ORD-00456,CUST-0181,2026-04-23,13,461.4
ORD-00623,CUST-0023,2026-03-20,5,121.96
ORD-00720,CUST-0163,2026-05-04,8,166.24
ORD-00550,CUST-0082,2026-04-18,16,481.68
ORD-00584,CUST-0099,2026-03-09,13,77.42
ORD-00436,CUST-0058,2026-04-13,8,2310.46
ORD-00522,CUST-0025,2026-03-11,14,171.99
ORD-00737,CUST-0030,2026-02-21,10,241.58
ORD-00650,CUST-0069,2026-04-10,6,376.64
ORD-00280,CUST-0174,2026-03-09,4,64.23
ORD-00474,CUST-0001,2026-03-07,5,118.9
ORD-00189,CUST-0119,2026-05-02,8,456.42
ORD-00442,CUST-0010,2026-04-14,18,425.81
ORD-00484,CUST-0134,2026-04-13,10,492.01
ORD-00594,CUST-0195,2026-03-05,12,380.07
ORD-00227,CUST-0066,2026-03-07,17,416.1
ORD-00318,CUST-0040,2026-03-31,16,498.99
ORD-00648,CUST-0003,2026-04-21,4,775.29
ORD-00507,CUST-0036,2026-03-16,6,182.21
ORD-00428,CUST-0077,2026-04-08,18,470.39
ORD-00769,CUST-0102,2026-04-18,9,237.0
ORD-00283,CUST-0075,2026-04-05,7,383.67
ORD-00577,CUST-0138,2026-02-12,3,400.96
ORD-00398,CUST-0099,2026-04-12,5,1081.13
ORD-00451,CUST-0025,2026-03-20,17,206.01
ORD-00380,CUST-0116,2026-05-04,5,324.1
ORD-00746,CUST-0147,2026-05-09,17,262.72
ORD-00341,CUST-0062,2026-02-26,18,1531.24
ORD-00148,CUST-0149,2026-04-15,13,159.73
ORD-00717,CUST-0146,2026-05-13,19,496.2
ORD-00545,CUST-0127,2026-03-28,9,362.52
ORD-00200,CUST-0129,2026-03-25,5,28.1
ORD-00357,CUST-0155,2026-04-09,3,48.6
ORD-00332,CUST-0102,2026-03-17,12,212.88
ORD-00115,CUST-0100,2026-03-15,14,2165.95
ORD-00479,CUST-0009,2026-05-11,8,59.34
ORD-00600,CUST-0137,2026-04-17,7,288.77
ORD-00316,CUST-0131,2026-02-17,17,1841.24
ORD-00053,CUST-0143,2026-04-07,14,367.22
ORD-00435,CUST-0151,2026-02-13,9,1731.74
ORD-00184,CUST-0133,2026-02-18,18,36.51
ORD-00017,CUST-0103,2026-05-06,8,403.67
ORD-00404,CUST-0028,2026-02-26,16,14.0
ORD-00105,CUST-0179,2026-04-30,14,403.21
ORD-00152,CUST-0071,2026-03-06,6,371.18
ORD-00354,CUST-0032,2026-03-29,2,172.31
ORD-00032,CUST-0146,2026-03-28,10,127.79
ORD-00379,CUST-0148,2026-03-13,17,210.21
ORD-00129,CUST-0056,2026-04-13,5,65.94
ORD-00519,CUST-0021,2026-02-13,8,414.92
ORD-00386,CUST-0137,2026-03-04,9,1106.35
ORD-00083,CUST-0103,2026-04-04,8,332.76
ORD-00137,CUST-0118,2026-03-12,4,187.11
ORD-00417,CUST-0186,2026-04-01,4,295.43
ORD-00029,CUST-0051,2026-04-30,10,258.25
ORD-00344,CUST-0130,2026-03-28,3,276.06
ORD-00028,CUST-0130,2026-05-13,9,382.6
ORD-00075,CUST-0142,2026-04-24,18,1239.06
ORD-00768,CUST-0181,2026-04-12,2,458.92
ORD-00587,CUST-0003,2026-04-03,15,433.24
ORD-00512,CUST-0124,2026-05-06,20,466.68
ORD-00589,CUST-0182,2026-03-10,16,250.45
ORD-00007,CUST-0092,2026-04-16,11,1260.47
ORD-00728,CUST-0020,2026-03-31,6,88.68
ORD-00147,CUST-0076,2026-02-20,16,18.43
ORD-00274,CUST-0008,2026-03-02,13,1982.2
ORD-00754,CUST-0026,2026-04-24,5,294.93
ORD-00742,CUST-0139,2026-02-13,4,1188.24
ORD-00214,CUST-0089,2026-04-07,18,226.01
ORD-00460,CUST-0153,2026-03-06,7,342.69
ORD-00342,CUST-0062,2026-04-25,10,310.64
ORD-00293,CUST-0136,2026-04-01,6,1766.82
ORD-00725,CUST-0195,2026-05-01,16,292.67
ORD-00246,CUST-0199,2026-02-27,7,123.94
ORD-00288,CUST-0107,2026-03-01,14,356.94
ORD-00181,CUST-0195,2026-03-22,16,472.2
ORD-00703,CUST-0189,2026-03-29,6,299.74
ORD-00800,CUST-0163,2026-03-12,11,96.47
ORD-00408,CUST-0175,2026-03-17,18,493.67
ORD-00166,CUST-0116,2026-04-21,18,506.35
ORD-00327,CUST-0108,2026-03-15,10,255.92
ORD-00356,CUST-0133,2026-03-31,6,253.29
ORD-00278,CUST-0170,2026-02-23,2,143.06
ORD-00258,CUST-0117,2026-04-02,13,269.44
ORD-00718,CUST-0157,2026-05-09,6,460.39
ORD-00333,CUST-0096,2026-03-10,12,496.32
ORD-00569,CUST-0185,2026-03-08,16,57.74
ORD-00068,CUST-0191,2026-04-30,5,445.07
ORD-00482,CUST-0188,2026-05-06,5,151.45
ORD-00177,CUST-0121,2026-04-09,19,2012.78
ORD-00352,CUST-0140,2026-05-08,11,262.02
ORD-00149,CUST-0191,2026-03-27,16,178.1
ORD-00366,CUST-0196,2026-02-16,15,191.91
ORD-00758,CUST-0102,2026-02-23,20,206.44
ORD-00683,CUST-0141,2026-05-10,13,281.86
ORD-00640,CUST-0074,2026-05-08,2,204.61
ORD-00112,CUST-0139,2026-05-04,10,174.23
ORD-00546,CUST-0078,2026-02-26,20,62.31
ORD-00528,CUST-0036,2026-03-25,18,379.49
ORD-00378,CUST-0102,2026-04-27,20,42.15
ORD-00365,CUST-0040,2026-03-28,13,25.84
ORD-00570,CUST-0182,2026-02-13,15,156.83
ORD-00797,CUST-0039,2026-02-15,13,212.01
ORD-00360,CUST-0091,2026-04-22,15,30.71
ORD-00154,CUST-0182,2026-04-06,8,157.81
ORD-00647,CUST-0169,2026-02-24,20,1832.49
ORD-00384,CUST-0089,2026-04-22,6,356.86
ORD-00359,CUST-0110,2026-02-18,10,304.68
ORD-00694,CUST-0099,2026-03-22,18,52.9
ORD-00534,CUST-0064,2026-02-28,13,1737.61
ORD-00071,CUST-0024,2026-03-12,9,423.74
ORD-00472,CUST-0139,2026-03-26,13,2428.32
ORD-00555,CUST-0018,2026-04-17,15,416.5
ORD-00761,CUST-0059,2026-04-08,16,344.89
ORD-00151,CUST-0031,2026-04-11,8,885.98
ORD-00176,CUST-0173,2026-03-01,19,498.79
ORD-00675,CUST-0020,2026-02-13,11,142.99
ORD-00685,CUST-0057,2026-04-28,1,2062.14
ORD-00128,CUST-0040,2026-05-10,8,19.97
ORD-00391,CUST-0161,2026-03-21,20,253.54
ORD-00775,CUST-0200,2026-04-17,9,260.99
ORD-00581,CUST-0077,2026-03-16,20,339.38
ORD-00796,CUST-0031,2026-02-23,3,105.13
ORD-00197,CUST-0049,2026-03-05,13,167.35
ORD-00473,CUST-0101,2026-04-26,12,2485.7
ORD-00666,CUST-0178,2026-03-22,1,179.4
ORD-00311,CUST-0065,2026-04-01,4,199.03
ORD-00308,CUST-0094,2026-03-18,15,308.19
ORD-00627,CUST-0106,2026-03-30,7,84.02
ORD-00199,CUST-0098,2026-03-22,2,241.29
ORD-00054,CUST-0015,2026-02-18,16,155.09
ORD-00066,CUST-0168,2026-02-12,10,492.76
ORD-00418,CUST-0168,2026-02-14,1,139.84
ORD-00375,CUST-0032,2026-02-12,6,258.78
ORD-00089,CUST-0001,2026-03-01,7,356.6
ORD-00297,CUST-0149,2026-04-21,16,285.67
ORD-00576,CUST-0193,2026-03-25,1,110.63
ORD-00549,CUST-0178,2026-02-26,5,304.97
ORD-00400,CUST-0041,2026-04-02,19,102.83
ORD-00261,CUST-0107,2026-04-14,14,231.76
ORD-00248,CUST-0170,2026-04-27,18,95.33
ORD-00300,CUST-0091,2026-02-22,10,299.2
ORD-00430,CUST-0071,2026-03-30,18,398.95
ORD-00222,CUST-0169,2026-02-23,9,362.53
ORD-00284,CUST-0045,2026-04-02,4,1994.28
ORD-00025,CUST-0065,2026-03-25,13,238.88
ORD-00377,CUST-0142,2026-03-04,19,402.99
ORD-00272,CUST-0196,2026-02-18,9,1047.27
ORD-00558,CUST-0130,2026-03-17,20,205.99
ORD-00256,CUST-0038,2026-03-18,3,167.51
ORD-00069,CUST-0184,2026-03-04,5,305.76
ORD-00700,CUST-0060,2026-05-06,16,384.99
ORD-00568,CUST-0053,2026-04-25,12,232.66
ORD-00338,CUST-0074,2026-03-04,20,64.37
ORD-00596,CUST-0116,2026-02-19,8,498.66
ORD-00231,CUST-0117,2026-05-02,13,1573.61
ORD-00457,CUST-0095,2026-04-04,4,469.97
ORD-00396,CUST-0144,2026-03-30,13,1241.71
ORD-00064,CUST-0090,2026-05-04,18,139.68
ORD-00302,CUST-0024,2026-03-27,10,2228.64
ORD-00345,CUST-0163,2026-03-04,1,239.9
ORD-00684,CUST-0036,2026-04-12,4,403.11
ORD-00325,CUST-0121,2026-03-06,8,405.42
ORD-00475,CUST-0109,2026-05-11,10,361.64
ORD-00024,CUST-0017,2026-02-22,6,216.44
ORD-00662,CUST-0095,2026-04-04,11,1414.04
ORD-00556,CUST-0065,2026-03-22,16,1106.36
ORD-00530,CUST-0155,2026-05-01,14,47.17
ORD-00724,CUST-0097,2026-03-22,16,181.75
ORD-00626,CUST-0113,2026-03-07,19,1800.39
ORD-00580,CUST-0091,2026-03-25,20,65.86
ORD-00401,CUST-0128,2026-03-11,17,439.87
ORD-00540,CUST-0004,2026-02-26,20,432.36
ORD-00235,CUST-0012,2026-02-13,10,67.05
ORD-00710,CUST-0037,2026-05-06,1,1909.69
ORD-00202,CUST-0037,2026-05-01,17,17.5
ORD-00634,CUST-0062,2026-04-06,2,398.16
ORD-00477,CUST-0196,2026-04-24,9,437.98
ORD-00062,CUST-0019,2026-02-20,10,464.29
ORD-00097,CUST-0055,2026-02-25,11,226.22
ORD-00101,CUST-0012,2026-04-04,8,82.06
ORD-00313,CUST-0168,2026-02-18,5,161.7
ORD-00131,CUST-0007,2026-04-29,6,62.86
ORD-00055,CUST-0013,2026-02-28,18,1127.9
ORD-00210,CUST-0175,2026-03-19,5,211.49
ORD-00370,CUST-0157,2026-04-10,9,114.92
ORD-00381,CUST-0200,2026-03-15,17,439.32
ORD-00599,CUST-0036,2026-02-12,20,91.17
ORD-00421,CUST-0029,2026-04-25,8,2396.46
ORD-00072,CUST-0086,2026-02-21,14,31.56
ORD-00505,CUST-0087,2026-04-12,16,471.35
ORD-00734,CUST-0093,2026-03-01,18,85.11
ORD-00631,CUST-0200,2026-03-04,20,307.11
ORD-00677,CUST-0031,2026-04-30,6,163.56
ORD-00772,CUST-0067,2026-03-04,12,419.61
ORD-00299,CUST-0114,2026-02-22,11,43.39
ORD-00364,CUST-0094,2026-05-09,5,2057.25
ORD-00582,CUST-0031,2026-02-24,19,768.76
ORD-00658,CUST-0185,2026-02-19,14,131.4
ORD-00228,CUST-0030,2026-03-13,10,175.63
ORD-00100,CUST-0173,2026-04-01,3,377.31
ORD-00619,CUST-0180,2026-04-22,2,159.39
ORD-00464,CUST-0126,2026-03-18,4,360.57
ORD-00531,CUST-0008,2026-02-24,20,388.27
ORD-00485,CUST-0152,2026-04-15,14,39.81
ORD-00340,CUST-0128,2026-02-23,15,2173.54
ORD-00466,CUST-0119,2026-03-09,14,38.23
ORD-00557,CUST-0019,2026-02-18,5,395.86
ORD-00573,CUST-0104,2026-03-03,14,123.38
ORD-00373,CUST-0141,2026-02-15,11,356.97
ORD-00350,CUST-0199,2026-03-13,6,40.86
ORD-00616,CUST-0034,2026-05-13,14,346.72
ORD-00212,CUST-0060,2026-02-23,8,295.16
ORD-00521,CUST-0022,2026-03-14,2,353.69
ORD-00312,CUST-0150,2026-02-18,20,173.01
ORD-00094,CUST-0171,2026-02-13,10,103.81
ORD-00001,CUST-0058,2026-02-21,4,1050.78
ORD-00037,CUST-0031,2026-02-19,12,263.09
ORD-00423,CUST-0121,2026-02-14,7,388.96
ORD-00733,CUST-0101,2026-02-18,10,56.9
ORD-00756,CUST-0147,2026-03-30,14,330.19
ORD-00767,CUST-0015,2026-05-10,6,417.3
ORD-00676,CUST-0040,2026-04-18,5,295.92
ORD-00122,CUST-0022,2026-05-10,13,334.21
ORD-00324,CUST-0060,2026-02-24,10,393.28
ORD-00458,CUST-0040,2026-02-24,8,75.32
ORD-00511,CUST-0096,2026-05-05,5,1511.96
ORD-00787,CUST-0147,2026-03-23,13,295.1
ORD-00459,CUST-0121,2026-03-16,20,353.25
ORD-00740,CUST-0120,2026-03-27,6,138.75
ORD-00471,CUST-0115,2026-02-20,14,445.86
ORD-00081,CUST-0010,2026-04-09,6,62.86
ORD-00659,CUST-0031,2026-04-03,9,289.48
ORD-00413,CUST-0082,2026-02-25,17,2362.81
ORD-00388,CUST-0155,2026-04-24,6,362.39
ORD-00229,CUST-0174,2026-03-15,3,2433.03
ORD-00520,CUST-0142,2026-02-19,2,1259.15
ORD-00641,CUST-0103,2026-02-22,17,217.13
ORD-00285,CUST-0144,2026-04-27,13,122.52
ORD-00660,CUST-0012,2026-03-10,2,403.32
ORD-00247,CUST-0038,2026-04-25,20,2216.95
ORD-00329,CUST-0027,2026-05-07,16,281.17
ORD-00504,CUST-0146,2026-04-06,5,122.48
ORD-00791,CUST-0186,2026-04-06,4,372.31
ORD-00170,CUST-0039,2026-04-18,14,950.39
ORD-00508,CUST-0165,2026-03-05,16,444.9
ORD-00481,CUST-0194,2026-05-08,13,273.94
ORD-00518,CUST-0063,2026-05-03,12,234.45
ORD-00161,CUST-0156,2026-05-03,8,2029.12
ORD-00012,CUST-0117,2026-05-03,8,195.88
ORD-00056,CUST-0041,2026-02-28,16,426.98
ORD-00572,CUST-0085,2026-04-22,8,279.88
ORD-00652,CUST-0020,2026-05-05,9,291.98
ORD-00614,CUST-0118,2026-02-15,2,1752.73
ORD-00355,CUST-0099,2026-03-27,14,373.48
ORD-00494,CUST-0195,2026-02-25,2,102.01
ORD-00762,CUST-0083,2026-04-26,10,226.68
ORD-00444,CUST-0075,2026-03-24,16,376.26
ORD-00632,CUST-0078,2026-02-14,1,331.96
ORD-00671,CUST-0149,2026-03-22,12,375.72
ORD-00532,CUST-0059,2026-02-21,9,230.32
ORD-00347,CUST-0198,2026-03-30,8,317.22
ORD-00730,CUST-0156,2026-02-12,1,329.63
ORD-00579,CUST-0153,2026-02-17,16,322.52
ORD-00538,CUST-0132,2026-05-02,6,282.37
ORD-00013,CUST-0172,2026-02-21,12,183.73
ORD-00322,CUST-0113,2026-02-14,20,90.95
ORD-00268,CUST-0124,2026-04-30,19,85.66
ORD-00065,CUST-0140,2026-05-05,8,87.14
ORD-00048,CUST-0020,2026-04-20,9,437.62
ORD-00452,CUST-0002,2026-04-20,5,467.62
ORD-00422,CUST-0106,2026-04-19,1,214.78
ORD-00610,CUST-0017,2026-05-02,15,350.97
ORD-00500,CUST-0026,2026-04-10,12,253.17
ORD-00726,CUST-0009,2026-02-15,8,46.04
ORD-00134,CUST-0031,2026-04-30,10,303.6
ORD-00030,CUST-0200,2026-04-24,12,273.76
ORD-00736,CUST-0044,2026-02-26,16,22.58
ORD-00389,CUST-0021,2026-03-31,19,2227.7
ORD-00186,CUST-0074,2026-05-07,7,74.07
ORD-00625,CUST-0018,2026-03-26,5,341.12
ORD-00583,CUST-0037,2026-04-13,10,1247.24
ORD-00495,CUST-0086,2026-02-27,18,112.15
ORD-00705,CUST-0049,2026-03-29,19,285.36
ORD-00107,CUST-0144,2026-03-16,5,336.45
ORD-00164,CUST-0026,2026-03-02,20,2420.26
ORD-00061,CUST-0172,2026-04-17,11,203.54
ORD-00136,CUST-0108,2026-05-05,17,16.19
ORD-00116,CUST-0098,2026-02-28,1,384.38
ORD-00171,CUST-0079,2026-04-09,5,832.68
ORD-00432,CUST-0183,2026-03-30,5,150.65
ORD-00490,CUST-0107,2026-04-25,15,285.01
ORD-00395,CUST-0188,2026-02-25,5,361.28
ORD-00279,CUST-0056,2026-03-20,16,212.54
ORD-00645,CUST-0062,2026-02-15,3,223.93
ORD-00410,CUST-0051,2026-03-31,18,379.18
ORD-00411,CUST-0010,2026-02-25,17,29.68
ORD-00692,CUST-0009,2026-04-20,9,441.99
ORD-00188,CUST-0105,2026-04-13,6,16.69
ORD-00738,CUST-0068,2026-04-04,13,447.6
ORD-00382,CUST-0111,2026-03-04,19,482.5
ORD-00096,CUST-0149,2026-05-13,10,220.22
ORD-00275,CUST-0088,2026-05-02,17,215.3
ORD-00449,CUST-0146,2026-04-20,1,396.69
ORD-00669,CUST-0072,2026-03-12,2,79.62
ORD-00337,CUST-0039,2026-05-13,3,932.09
ORD-00175,CUST-0173,2026-04-02,20,54.66
ORD-00142,CUST-0008,2026-03-15,19,195.33
ORD-00695,CUST-0135,2026-04-26,14,442.6
ORD-00773,CUST-0042,2026-02-14,3,199.03
ORD-00098,CUST-0189,2026-03-09,16,479.36
ORD-00706,CUST-0024,2026-03-11,18,249.82
ORD-00437,CUST-0184,2026-02-21,8,1327.19
ORD-00321,CUST-0047,2026-02-23,5,85.43
ORD-00369,CUST-0031,2026-04-20,16,456.72
ORD-00747,CUST-0115,2026-02-16,20,2398.56
ORD-00665,CUST-0002,2026-04-18,18,129.87
ORD-00179,CUST-0105,2026-03-19,16,239.84
ORD-00103,CUST-0127,2026-03-21,19,350.52
ORD-00052,CUST-0117,2026-04-22,13,1281.45
ORD-00476,CUST-0089,2026-03-06,13,131.03
ORD-00271,CUST-0156,2026-02-23,20,282.25
ORD-00304,CUST-0049,2026-05-08,15,289.54
ORD-00468,CUST-0180,2026-04-16,19,1347.97
ORD-00237,CUST-0191,2026-03-06,5,191.42
ORD-00263,CUST-0024,2026-04-24,16,2163.71
ORD-00691,CUST-0055,2026-05-10,13,94.5
ORD-00077,CUST-0091,2026-03-29,7,336.13
ORD-00682,CUST-0045,2026-03-09,2,137.22
ORD-00093,CUST-0104,2026-04-05,17,209.7
ORD-00153,CUST-0050,2026-02-27,17,489.47
ORD-00506,CUST-0126,2026-04-11,16,323.79
ORD-00588,CUST-0144,2026-03-12,5,197.75
ORD-00114,CUST-0139,2026-02-12,7,1315.79
ORD-00092,CUST-0185,2026-04-01,20,424.68
ORD-00014,CUST-0187,2026-04-09,3,93.69
ORD-00003,CUST-0060,2026-02-27,14,688.3
ORD-00241,CUST-0166,2026-03-28,4,189.63
ORD-00339,CUST-0164,2026-04-13,10,977.64
ORD-00493,CUST-0155,2026-03-06,7,1254.96
ORD-00213,CUST-0120,2026-03-15,9,336.09
ORD-00509,CUST-0172,2026-05-06,17,2193.55
ORD-00562,CUST-0111,2026-02-20,13,172.15
ORD-00041,CUST-0055,2026-05-04,17,337.13
ORD-00165,CUST-0062,2026-04-17,7,49.7
ORD-00303,CUST-0142,2026-02-24,20,236.27
ORD-00420,CUST-0098,2026-04-22,17,313.05
ORD-00367,CUST-0081,2026-05-04,19,1234.53
ORD-00207,CUST-0112,2026-02-15,10,375.17
ORD-00536,CUST-0002,2026-04-24,13,62.1
ORD-00270,CUST-0144,2026-04-08,19,219.84
ORD-00774,CUST-0174,2026-03-01,7,326.57
ORD-00624,CUST-0036,2026-04-30,4,440.8
ORD-00204,CUST-0085,2026-03-31,20,327.77
ORD-00510,CUST-0060,2026-05-07,1,422.0
ORD-00109,CUST-0041,2026-03-10,14,277.91
ORD-00117,CUST-0100,2026-03-13,1,156.02
ORD-00290,CUST-0023,2026-02-23,15,459.77
ORD-00121,CUST-0137,2026-04-22,15,489.57
ORD-00633,CUST-0101,2026-04-17,17,102.25
ORD-00524,CUST-0176,2026-03-02,16,461.91
ORD-00108,CUST-0157,2026-02-26,11,445.91
ORD-00429,CUST-0123,2026-04-07,7,249.12
ORD-00141,CUST-0193,2026-04-12,3,230.44
ORD-00621,CUST-0133,2026-04-16,16,1687.77
ORD-00638,CUST-0198,2026-03-28,18,382.97
ORD-00277,CUST-0194,2026-02-26,3,86.08
ORD-00745,CUST-0183,2026-03-01,8,48.61
ORD-00679,CUST-0176,2026-03-15,9,54.22
ORD-00104,CUST-0193,2026-03-23,8,1875.56
ORD-00760,CUST-0080,2026-03-27,1,398.1
ORD-00431,CUST-0102,2026-04-07,4,275.62
ORD-00309,CUST-0174,2026-03-27,10,388.71
ORD-00010,CUST-0050,2026-04-06,20,186.84
ORD-00646,CUST-0117,2026-05-06,8,1369.53
ORD-00211,CUST-0098,2026-04-20,6,308.04
ORD-00157,CUST-0088,2026-05-12,19,244.09
ORD-00486,CUST-0089,2026-04-21,14,32.93
ORD-00259,CUST-0030,2026-03-10,20,397.82
ORD-00561,CUST-0145,2026-04-12,12,309.6
ORD-00723,CUST-0043,2026-05-13,2,368.23
ORD-00390,CUST-0147,2026-05-08,19,113.09
ORD-00455,CUST-0079,2026-03-28,8,737.33
ORD-00427,CUST-0064,2026-02-15,9,104.02
ORD-00119,CUST-0008,2026-04-15,16,223.12
ORD-00712,CUST-0083,2026-02-12,13,174.58
ORD-00021,CUST-0150,2026-03-06,9,219.5
ORD-00670,CUST-0134,2026-05-02,2,448.77
ORD-00111,CUST-0113,2026-04-08,17,126.99
ORD-00678,CUST-0079,2026-03-06,12,111.53
ORD-00714,CUST-0178,2026-03-12,11,483.72
ORD-00609,CUST-0199,2026-03-16,16,11.21
ORD-00050,CUST-0043,2026-05-12,3,425.01
ORD-00639,CUST-0056,2026-05-04,1,16.74
ORD-00548,CUST-0167,2026-03-18,11,412.71
ORD-00262,CUST-0096,2026-05-01,11,335.24
ORD-00656,CUST-0039,2026-05-12,8,1228.59
ORD-00385,CUST-0163,2026-03-08,10,132.55
ORD-00776,CUST-0045,2026-02-15,1,74.7
ORD-00667,CUST-0189,2026-05-12,11,1814.95
ORD-00376,CUST-0093,2026-04-18,5,251.58
ORD-00127,CUST-0194,2026-04-15,3,328.71
ORD-00174,CUST-0111,2026-03-05,16,302.44
ORD-00517,CUST-0102,2026-03-07,9,140.72
ORD-00604,CUST-0034,2026-05-06,9,72.05
ORD-00023,CUST-0040,2026-03-11,3,431.08
ORD-00217,CUST-0076,2026-04-30,8,185.53
ORD-00135,CUST-0095,2026-03-02,2,219.48
ORD-00230,CUST-0094,2026-02-16,13,403.44
ORD-00234,CUST-0119,2026-04-02,20,40.91
ORD-00020,CUST-0144,2026-03-16,5,130.6
ORD-00781,CUST-0077,2026-03-27,18,307.83
ORD-00169,CUST-0170,2026-04-14,9,315.65
ORD-00193,CUST-0107,2026-03-09,5,145.08
ORD-00368,CUST-0189,2026-02-19,9,65.48
ORD-00789,CUST-0130,2026-02-21,16,338.54
ORD-00351,CUST-0052,2026-03-16,2,31.42
ORD-00138,CUST-0167,2026-02-12,5,368.83
ORD-00704,CUST-0180,2026-02-13,12,23.79
ORD-00784,CUST-0062,2026-02-19,10,262.96
ORD-00346,CUST-0018,2026-03-25,12,17.94
ORD-00537,CUST-0034,2026-04-04,15,141.92
ORD-00611,CUST-0055,2026-03-06,13,220.1
ORD-00533,CUST-0175,2026-03-29,18,221.17
ORD-00467,CUST-0001,2026-02-16,10,203.62
ORD-00298,CUST-0083,2026-03-17,19,492.41
ORD-00306,CUST-0183,2026-03-17,4,419.48
ORD-00047,CUST-0109,2026-04-12,7,229.37
ORD-00067,CUST-0170,2026-03-07,1,281.2
ORD-00172,CUST-0120,2026-02-26,19,224.75
ORD-00314,CUST-0022,2026-02-13,13,1917.96
ORD-00603,CUST-0106,2026-02-16,4,2000.44
ORD-00516,CUST-0159,2026-04-30,4,127.83
ORD-00778,CUST-0090,2026-02-12,9,194.1
ORD-00106,CUST-0032,2026-03-08,15,999.15
ORD-00786,CUST-0108,2026-05-10,16,136.86
ORD-00320,CUST-0197,2026-03-05,17,1174.19
ORD-00353,CUST-0074,2026-03-14,9,1794.15
ORD-00711,CUST-0096,2026-04-29,17,479.71
ORD-00232,CUST-0096,2026-03-27,9,412.16
ORD-00255,CUST-0183,2026-03-13,13,62.79
ORD-00752,CUST-0180,2026-04-08,17,437.12
ORD-00642,CUST-0022,2026-05-03,18,84.66
ORD-00777,CUST-0079,2026-02-26,1,307.48
ORD-00693,CUST-0128,2026-02-24,20,326.52
ORD-00019,CUST-0165,2026-04-03,7,203.46
ORD-00196,CUST-0196,2026-03-17,18,172.56
ORD-00544,CUST-0020,2026-04-22,14,156.58
ORD-00330,CUST-0070,2026-03-08,4,383.16
ORD-00015,CUST-0164,2026-04-12,6,142.0
ORD-00383,CUST-0078,2026-03-10,2,263.35
ORD-00749,CUST-0052,2026-05-08,14,1866.57
ORD-00205,CUST-0184,2026-02-16,18,164.85
ORD-00547,CUST-0085,2026-05-13,13,313.27
ORD-00039,CUST-0162,2026-04-14,19,44.72
ORD-00799,CUST-0021,2026-04-25,11,98.19
ORD-00393,CUST-0016,2026-02-15,13,45.68
ORD-00489,CUST-0182,2026-03-14,8,157.06
ORD-00788,CUST-0137,2026-04-19,11,118.74
ORD-00414,CUST-0077,2026-04-23,13,371.53
ORD-00440,CUST-0074,2026-03-13,7,150.46
ORD-00649,CUST-0185,2026-04-23,16,265.75
ORD-00445,CUST-0086,2026-05-09,1,304.76
ORD-00630,CUST-0064,2026-04-03,5,325.22
ORD-00133,CUST-0063,2026-04-18,3,416.15
ORD-00091,CUST-0171,2026-02-17,7,44.22
ORD-00782,CUST-0071,2026-02-15,4,174.44
ORD-00502,CUST-0005,2026-05-08,19,372.47
ORD-00163,CUST-0079,2026-03-18,10,494.13
ORD-00783,CUST-0183,2026-02-21,11,137.7
ORD-00591,CUST-0074,2026-04-15,10,950.46
ORD-00173,CUST-0129,2026-02-14,10,470.97
ORD-00793,CUST-0079,2026-05-02,8,373.92
ORD-00780,CUST-0170,2026-02-23,13,13.59
ORD-00215,CUST-0065,2026-02-27,10,217.49
ORD-00281,CUST-0012,2026-02-16,19,336.23
ORD-00463,CUST-0134,2026-04-18,19,90.46
ORD-00005,CUST-0072,2026-02-13,18,229.66
ORD-00060,CUST-0067,2026-02-18,19,164.7
